Name,Address
Aidan Whitlatch,fake2@gmail.com
Dillion Brigode,fake3@gmail.com
Alex Fizer,fake4@gmail.com
Levi Keck,fake5@gmail.com
Peter Peake,fake6@gmail.com
Leah Wright,fake7@gmail.com
Lucas Jones,fake8@gmail.com
Bella Nash,fake9@gmail.com
Jack Blake,fake10@gmail.com
Austin Tucker,fake11@gmail.com
Alison Martin,fake12@gmail.com
Alan Lewis,fake13@gmail.com
Fiona King,fake14@gmail.com
Molly Turner,fake15@gmail.com
Dorothy Arnold,fake16@gmail.com
Robert Howard,fake17@gmail.com
Karen Arnold,fake18@gmail.com
Dylan Dowd,fake19@gmail.com
Jasmine McGrath,fake20@gmail.com
Andy Knight,fake21@gmail.com
