SongID,Name
1,Nikes
2,Ivy
3,Pink + White
4,Be Yourself
5,Solo
6,Skyline To
7,Self Control
8,Good Guy
9,Nights
10,Solo(Reprise)
11,Pretty Sweet
12,Facebook Story
13,Close To You
14,White Ferrari
15,Seigfried
16,Godspeed
17,Futura Free
18,Wesley's Theory
19,For Free?(Interlude)
20,King Kunta
21,Institutionalized
22,These Walls
23,U
24,Alright
25,For Sale? (Interlude)
26,Momma
27,Hood Politics
28,How Much A Dollar Cost
29,Complexion (A Zulu Love)
30,The Blacker The Berry
31,You Ain't Gotta Lie (Momma Said)
32,I
33,Mortal Man
34,Sherane A.K.A Master Splinter's Daughter
35,"Bitch, Don't Kill My Vibe"
36,Backseat Freestyle
37,The Art Of Peer Pressure
38,Money Trees
39,Poetic Justice
40,Good Kid
41,M.A.A.D City
42,Swimming Pools (Drank)
43,"Sing About Me, I'm Dying Of Thirst"
44,Real
45,Compton
46,Mothers Little Helper
47,Stupid Girl
48,Lady Jane
49,Under My Thumb
50,Doncha Bother Me
51,Goin' Home
52,Flight 505
53,High And Dry
54,Out Of Time
55,It's Not Easy
56,I Am Waiting
57,Take It Or Leave It
58,Think
59,What To Do
60,Miss You
61,When The Whip Comes Down
62,Just My Imagination (Running Away With Me)
63,Some Girls
64,Lies
65,Far Away Eyes
66,Respectable
67,Before They Make Me Run
68,Beast Of Burden
69,Shattered
70,Start Me Up
71,Hang Fire
72,Slave
73,Little T & A
74,Black Limousine
75,Neighbours
76,Worried About You
77,Tops
78,Heaven
79,No Use In Crying
80,Waiting On A Friend
81,Cooking Up Something Good
82,Dreamin'
83,Freaking Out The Neighborhood
84,Annie
85,Ode To Viceroy
86,Robson Girl
87,The Stars Keep On Calling My Name
88,My Kind Of Woman
89,Boe Zaah
90,Sherrill
91,Still Together
92,The Way You'd Love Her
93,Another One
94,No Other Heart
95,Just To Put Me Down?
96,A Heart Like Hers
97,I've Been Waiting For Her
98,Without Me
99,My House By The Water
100,Is It A Crime
101,The Sweetest Taboo
102,War Of The Hearts
103,Jezebel
104,Mr Wrong
105,Never As Good As The First Time
106,Fear
107,Tar Baby
108,Maureen
109,No Ordinary Love
110,Feel No Pain
111,I Couldn’t Love You More
112,Like A Tattoo
113,Kiss Of Life
114,Cherish The Day
115,Pearls
116,Bullet Proof Soul
117,Mermaid
118,Supermodel
119,Love Galore
120,Doves In The Wind
121,Drew Barrymore
122,Prom
123,The Weekend
124,Go Gina
125,Garden (Say It Like Dat)
126,Broken Clocks
127,Anything
128,Wavy (Interlude)
129,Normal Girl
130,Pretty Little Birds
131,20 Something
132,The Illest Villans
133,Accordian
134,Meat Grinder
135,Bistro
136,Raid
137,America's Most Blunted
138,Sickfit
139,Rainbows
140,Curls
141,Do Not Fire!
142,Money Folder
143,Scene Two
144,Shadows Of Tommorrow
145,Operation Lifesaver AKA Mint Test
146,Figaro
147,Hardcore Hustle
148,Strange Ways
149,Fancy Clown
150,Eye
151,Supervillan Theme
152,All Caps
153,Great Day
154,Rhinestone Cowboy
155,Apricot Princess
156,Thelevision/So Far So Good
157,Nothing
158,Sycamore Girl
159,Untitled
160,4 Seasons
161,Waiting Room
162,Rain Main
163,Never Enough
164,Happiness
165,Get Away
166,Gabby
167,Under Control
168,Go With It
169,Just Sayin'
170,I Tried
171,For The World
172,Girl
173,Special Affair
174,Something's Missing
175,Partners In Crime Part Three
176,Penthouse Cloud
177,Palace
178,Curse
179,Famous
180,Missing You
181,Sycamore Tree
182,Call Me
183,Melting
184,Lottery
185,Know What I Want
186,Rush 
187,Ridin Round
188,Speed
189,Loner
190,Ride
191,Hamptons
192,Echo
193,Run Your Mouth
194,Real Life
195,Blur
196,Paranoia
197,Lejo De Ti
198,Love You Anyway
199,Ay No Puedo
200,No One Noticed
201,Vicious Sensitive Robot
202,If Only
203,Sienna
204,Mojo Pin
205,Grace
206,Last Goodbye
207,Lilac Wine
208,So Real
209,Hallelujah
210,"Lover, You Shoul've Come Over"
211,Corpus Chrisiti Carol (For Roy)
212,Eternal Life
213,Dream Brother
214,Beatopia Cultsong
215,10:36
216,Sunny Day
217,See You Soon
218,Ripples
219,The Perfect Pair
220,Broken CD
221,Talk
222,Lovesong
223,Pictures Of Us
224,Fairy Song
225,Don't Get The Deal
226,Tinkerbell Is Overrated
227,You're Here That's The Thing
228,I Looked Away
229,Bell Bottom Blues
230,Keep On Growing
231,Nobody Knows You When You're Down And Out
232,I Am Yours
233,Anyday
234,Key To The Highway
235,Tell The Truth
236,Why Does Love Got To Be So Sad?
237,Have You Ever Loved A Woman
238,Little Wing
239,It's Too Late
240,Layla
241,Thorn Tree In The Garden
242,Shine On You Crazy Diamond (Part 1-5)
243,Welcome To The Machine
244,Have A Cigar
245,Wish You Were Here
246,Shine On You Crazy Diamond (Part 5-9)
